Feature,Importance
V14,0.1875908008051662
V10,0.13444071204233154
V12,0.11374010867933032
V4,0.11224147210797326
V17,0.08932658579863814
V3,0.06313612196802622
V11,0.058817969087846304
V16,0.050238708586505795
V2,0.02721354664716746
V7,0.02192825657373573
V9,0.021241393659839743
V21,0.014985880372836791
V6,0.009807311580236157
Time,0.009108698316654871
V1,0.007577657303534155
V18,0.007049496857724491
V27,0.006756466778647672
V8,0.006694023536124859
V28,0.006641815139231471
V5,0.006579744112319954
V13,0.005300054601153423
V20,0.005161666201497257
V26,0.005155678781167114
V19,0.005014161901207741
Amount,0.0044891972942187365
V15,0.0044855650313876515
V23,0.004298247895401514
V25,0.004211933284278932
V24,0.0036624349496243215
V22,0.0031042901061921705
